Name trainning,ID,clip
71071d7f-01.png,1,BIO_16973
3fc39b6f-02.png,2,BIO_16877
75887f36-03.png,3,BIO_1978
a87547f5-04.png,4,BIO_16841
0b5f07f9-05.png,5,BIO_16597
f8228f40-06.png,6,BIO_3066
4c162547-07.png,7,BIO_16859
5dc11f32-08.png,8,BIO_16532
e16ab304-09.png,9,BIO_16526
13babe7b-10.png,10,BIO_16760
177384fc-11.png,11,BIO_3104
81803318-12.png,12,BIO_16571
7abbb682-13.png,13,BIO_15943
e523c9f5-14.png,14,BIO_16851
61ed7c44-15.png,15,BIO_16559
fde1085b-16.png,16,BIO_11867
ac4a6a08-17.png,17,BIO_16699
4d9dae4e-18.png,18,BIO_1982
d8ce4fac-19.png,19,BIO_16974
ffa6cd9b-20.png,20,BIO_16605
0f19cfe9-21.png,21,BIO_16496
2c8faf85-22.png,22,BIO_16522
eb7d9602-23.png,23,BIO_16799
68bb0242-24.png,24,BIO_1983
5f9a4c63-25.png,25,BIO_11867
e2ffd0f2-26.png,26,BIO_16764
0bde9097-27.png,27,BIO_16388
04517413-28.png,28,BIO_3104
7fcb94a4-29.png,29,BIO_1979
b04149e4-30.png,30,BIO_16887
70e919d1-31.png,31,BIO_16595
787b0609-32.png,32,BIO_16624
755112a7-33.png,33,BIO_16528
81b0d18f-34.png,34,BIO_16973
460bada9-35.png,35,BIO_3108
fbdcaac2-36.png,36,BIO_15932
710fcf25-37.png,37,BIO_16756
afc8093f-38.png,38,BIO_16599
e3bd83dc-39.png,39,BIO_3106
4e239580-40.png,40,BIO_14278
94d1549c-41.png,41,BIO_2272
d60f125d-42.png,42,BIO_2274
cb5b96ae-43.png,43,BIO_16637
7346b535-44.png,44,BIO_16583
a2736745-45.png,45,BIO_16796
ccdee30d-46.png,46,BIO_16543
6828c857-47.png,47,BIO_16760
a6864278-48.png,48,BIO_16596
b65c725c-49.png,49,BIO_16487
e0190a36-50.png,50,BIO_11869
b64327fa-51.png,51,BIO_16557
cc157110-52.png,52,BIO_16648
f5168634-53.png,53,BIO_15929
58cf20bc-54.png,54,BIO_16563
01631334-55.png,55,BIO_16609
3d2d1fd9-56.png,56,BIO_16528
7d275781-57.png,57,BIO_1980
ca38c96c-58.png,58,BIO_16557
0a6183c5-59.png,59,BIO_3105
784d8ba7-60.png,60,BIO_16935
ac67cb7a-61.png,61,BIO_16599
dbce811c-62.png,62,BIO_16930
aaa8f584-63.png,63,BIO_16837
dcecc76b-64.png,64,BIO_15930
2303111b-65.png,65,BIO_16390
f9d4de26-66.png,66,BIO_16937
7141d4b0-67.png,67,BIO_14278
d1af5e17-68.png,68,BIO_16587
b06b21db-69.png,69,BIO_16563
ec49f4cc-70.png,70,BIO_14278
c7236bb0-71.png,71,BIO_16565
9414bb6b-72.png,72,BIO_16808
b89ae90c-73.png,73,BIO_3104
72b7eedc-74.png,74,BIO_16973
61c4e244-75.png,75,BIO_3104
6d502774-76.png,76,BIO_15931
a9c3b230-77.png,77,BIO_15970
1cc96648-78.png,78,BIO_3104
13a2c025-79.png,79,BIO_16597
6dc9ef89-80.png,80,BIO_16837
fd713e78-81.png,81,BIO_3076
52f4d111-82.png,82,BIO_16812
e371390d-83.png,83,BIO_16566
08d2da72-84.png,84,BIO_3106
acd8dc06-85.png,85,BIO_16526
5207dbe8-86.png,86,BIO_2271
09957918-87.png,87,BIO_1979
e2b77db3-88.png,88,BIO_15958
9f8f61c8-89.png,89,BIO_3108
929ea76b-90.png,90,BIO_15957
cd5a7c9b-91.png,91,BIO_1982
87433718-92.png,92,BIO_15944
f21057fa-93.png,93,BIO_16760
3d11608b-94.png,94,BIO_16523
2e0ac964-95.png,95,BIO_16841
b9d706ae-96.png,96,BIO_3106
61e9fdb1-97.png,97,BIO_16541
70123dd3-98.png,98,BIO_16758
ca04c167-99.png,99,BIO_3104
bed147a6-100.png,100,BIO_16812
82e95e73-101.png,101,BIO_16973
4d035b9e-102.png,102,BIO_16760
1c0f207e-103.png,103,BIO_2271
6f0a9ac1-104.png,104,BIO_1986
f20dd213-105.png,105,BIO_1981
89876dd3-106.png,106,BIO_16554
99ef8697-107.png,107,BIO_16623
723e03f8-108.png,108,BIO_1330
78c2a80a-109.png,109,BIO_16937
7060b789-110.png,110,BIO_12226
9c7a8bd4-111.png,111,BIO_16599
f5455183-112.png,112,BIO_16489
ec305218-113.png,113,BIO_3107
2030f82f-114.png,114,BIO_16944
eda695c0-115.png,115,BIO_16152
ba447935-116.png,116,BIO_16386
90c478ce-117.png,117,BIO_16974
9ba735c4-118.png,118,BIO_16763
ee192ebb-119.png,119,BIO_1985
bee10ed4-120.png,120,BIO_16758
18c99a0d-121.png,121,BIO_16386
33655e57-122.png,122,BIO_1977
71e9fd06-123.png,123,BIO_1986
82860d72-124.png,124,BIO_16597
fc1b7660-125.png,125,BIO_16699
a7b4be14-126.png,126,BIO_16931
0d1e0af0-127.png,127,BIO_3083
4dbb3290-128.png,128,BIO_16759
2d469862-129.png,129,BIO_15943
1f0a5144-130.png,130,BIO_16682
e81b2305-131.png,131,BIO_3101
9beacace-132.png,132,BIO_16603
9c30e9ff-133.png,133,BIO_16384
34e9f286-134.png,134,BIO_1167
ebde784f-135.png,135,BIO_15964
d0c36ff3-136.png,136,BIO_1986
2d55c34e-137.png,137,BIO_16929
25dba10f-138.png,138,BIO_1982
158ea673-139.png,139,BIO_2272
be0faddd-140.png,140,BIO_16802
efe65dda-141.png,141,BIO_3182
a2a74a98-142.png,142,BIO_16597
8235da2f-143.png,143,BIO_1980
e08c1d36-144.png,144,BIO_16566
9c24d0b3-145.png,145,BIO_12226
2183d892-146.png,146,BIO_12394
56998056-147.png,147,BIO_14278
01f49b65-148.png,148,BIO_16804
2a90e172-149.png,149,BIO_16755
f1484801-150.png,150,BIO_2271
692c372e-151.png,151,BIO_3110
8b537525-152.png,152,BIO16523
c87b9da5-153.png,153,BIO_16555
96c612b6-154.png,154,BIO_16968
0a2dec46-155.png,155,BIO_16764
08df0c26-156.png,156,BIO_16850
c7aaf349-157.png,157,BIO_15928
e9c8712f-158.png,158,BIO_16845
3e0ba000-159.png,159,BIO_1977
3b6cd0d8-160.png,160,BIO_16523
a30c92ee-161.png,161,BIO_3104
e09360bf-162.png,162,BIO_2271
fc1a4fd6-163.png,163,BIO_16169
b0b41657-164.png,164,BIO_16756
341ac800-165.png,165,BIO_15956
558e949e-166.png,166,BIO_16846
c7c31a02-167.png,167,BIO_1976
581bb4af-168.png,168,BIO_3083
723639cf-169.png,169,BIO_16553
cdfa2e10-170.png,170,BIO_16695
7d436af3-171.png,171,BIO_16528
858b6060-172.png,172,BIO_16755
dcbc7481-173.png,173,BIO_12228
2681c06e-174.png,174,BIO_16528
b0d1d26a-175.png,175,BIO_16566
9ecd1485-176.png,176,BIO_16948
e1aa63cc-177.png,177,BIO_16802
0e2adfb3-178.png,178,BIO_11869
3a8f9c79-179.png,179,BIO_1328
fb2be988-180.png,180,BIO_1685
ad14aceb-181.png,181,BIO_15942
63b1897a-182.png,182,BIO_1333
b5612145-183.png,183,BIO_3106
47392c14-184.png,184,BIO_15957
1d77bf8d-185.png,185,BIO_16533
1a84facd-186.png,186,BIO_11865
98949a5e-187.png,187,BIO_1333
7aa43026-188.png,188,BIO_1982
b44bd991-189.png,189,BIO_16682
767c67e9-190.png,190,BIO_3067
9b81f12a-191.png,191,BOI_2269
a20a8b82-192.png,192,BIO_16889
bce8cd5b-193.png,193,BIO_15928
98964a3f-194.png,194,BIO_16579
dce450b4-195.png,195,BIO_16699
351c199c-196.png,196,BIO_16759
c4042bbb-197.png,197,BIO_15961
c7975806-198.png,198,BIO_3104
4759624b-199.png,199,BIO_1977
94ed76d4-200.png,200,BIO_3106
b2a27ec6-201.png,201,BIO_16391
74aa1db1-202.png,202,BIO_16501
6a23a836-203.png,203,BIO_1170
90ed5ce0-204.png,204,BIO_16526
d38e655a-205.png,205,BIO_16803
7961d095-206.png,206,BIO_16802
0b18e11e-207.png,207,BIO_16554
31939647-208.png,208,BIO_1980
2b31009e-209.png,209,BIO_1985
3e99c6d8-210.png,210,BIO_16563
2a8650e7-211.png,211,BIO_16932
506b814f-214.png,214,BIO_2270
01608f98-212.png,212,BIO_3076
bee8eb25-213.png,213,BIO_16541
821335fd-215.png,215,BIO_16502
a3d7d403-216.png,216,BIO_1978
d60c0a6f-217.png,217,BIO_16929
811dd5cf-218.png,218,BIO_16543
0b929da8-219.png,219,BIO_15962
1f81b702-220.png,220,BIO_1167
d334b159-221.png,221,BIO_16526
f756c83f-222.png,222,BIO_16526
9418814f-223.png,223,BIO_1979
28a35aa1-224.png,224,BIO_3105
a070acfd-225.png,225,BIO_16887
868461a1-226.png,226,BIO_16874
2d539448-227.png,227,BIO_16563
4202a45b-228.png,228,BIO_16760
6085a02b-229.png,229,BIO_16932
fef44fc4-230.png,230,BIO_16884
4adc4aaf-231.png,231,BIO_16500
da3a6e7b-232.png,232,BIO_16760
07b86055-233.png,233,BIO_16533
0f7641bc-234.png,234,BIO_16516
4fef4f9c-235.png,235,BIO_16846
d5a48311-236.png,236,BIO_15970
e64411fe-237.png,237,BIO_16944
7b61f71e-238.png,238,BIO_3059
cbcf439a-239.png,239,BIO_16854
7496b730-240.png,240,BIO_16846
46c7c2ac-241.png,241,BIO_15945
f0521398-242.png,242,BIO_16812
64fff2f8-243.png,243,BIO_16950
b10e7abe-244.png,244,BIO_16859
1919d68e-245.png,245,BIO_16800
55c19b3f-246.png,246,BIO_3105
bdc9a60a-247.png,247,BIO_16859
3dfffece-248.png,248,BIO_12329
4cad9961-249.png,249,BIO_16843
06787a58-250.png,250,BIO_16587
ba1444e4-251.png,251,BIO_16152
e386961f-252.png,252,BIO_16958
9a3cc90a-253.png,253,BIO_16796
f3ba1e6e-254.png,254,BIO_15958
0808da1d-255.png,255,BIO_3102
b275c00a-256.png,256,BIO_16528
8a5f2b13-257.png,257,BIO_15945
029f0990-258.png,258,BIO_16599
dde026dc-259.png,259,BIO_16517
a0845aef-260.png,260,BIO_14278
0bfd1430-261.png,261,BIO_16496
41645256-262.png,262,BIO_16598
336c9ffd-263.png,263,BIO_16526
236321fd-264.png,264,BIO_15956
4e23a86c-265.png,265,BIO_16846
bda779b0-266.png,266,BIO_16808
cc3d4460-267.png,267,BIO_16528
bb5cea22-268.png,268,BIO_12330
13b88a2d-269.png,269,BIO_15928
83200558-270.png,270,BIO_16528
b9064cdc-271.png,271,BIO_16755
5657cbe0-272.png,272,BIO_16544
751754da-273.png,273,BIO_15931
5da2b480-274.png,274,BIO_16601
86301a7d-275.png,275,BIO_3101
6ce71fff-276.png,276,BIO_3107
b3b24d8b-277.png,277,BIO_16950
9d032e13-278.png,278,BIo_16598
11344f92-279.png,279,BIO_16500
2453fa63-280.png,280,BIO_1988
53a9cd23-281.png,281,BIO_16492
c7c3164e-282.png,282,BIO_11867
50842128-283.png,283,BIO_16944
d8712a27-284.png,284,BIO_16553
f27540a8-285.png,285,BIO_12325
ea8ae1c9-286.png,286,BIO_16812
b3378921-287.png,287,BIO_16800
6db34ae8-288.png,288,BIO_2272
66dc1706-289.png,289,BIO_16800
759520e3-290.png,290,BIO_1986
03fb328e-292.png,292,BIO_3105
778b2a9c-293.png,293,BIO_16388
86ae7990-294.png,294,BIO_16500
cd176b27-295.png,295,BIO_16935
e05c768c-296.png,296,BIO_16557
ebd8aa59-297.png,297,BIO_16803
0f129fe0-298.png,298,BIO_16759
10cc8bad-299.png,299,BIO_12228
37631a36-300.png,300,BIO_12226
831019ae-301.png,301,BIO_16557
1a458484-302.png,302,BIO_16559
1d202f67-303.png,303,BIO_16500
3d8b8b55-304.png,304,BIO_16528
c2e4141c-305.png,305,BIO_3108
299b4c66-306.png,306,BIO_12330
08d5b581-307.png,307,BIO_3101
142aca50-308.png,308,BIO_3076
b74bb76d-309.png,309,BIO_15928
ccfe3242-310.png,310,BIO_3083
9ef6a400-311.png,311,BIO_16386
86a1c308-312.png,312,BIO_16850
f81f5bb7-313.png,313,BIO_16557
d32a8509-314.png,314,BIO_1977
90b47d25-315.png,315,BIO_11865
fab3631f-316.png,316,BIO_3073
6a6e91f2-317.png,317,BIO_16954
503e572e-318.png,318,BIO_15943
21e08489-319.png,319,BIO_16850
bb1d4f03-320.png,320,BIO_16803
203998f4-321.png,321,BIO_3104
34663f1d-322.png,322,BIO_16599
0730ab98-323.png,323,BIO_16544
5bdb35fb-324.png,324,BIO_16603
2b126c68-325.png,325,BIO_16152
f56d94b5-326.png,326,BIO_1988
8e4b9cd6-327.png,327,BIO_16566
6bf22de5-328.png,328,BIO_16597
20cef5d2-329.png,329,BIO_16929
7d345d3c-330.png,330,BIO_14278
5a42c5b3-331.png,331,BIO_16559
83407e3f-332.png,332,BIO_16542
4831f1da-333.png,333,BIO_16812
2b44216e-334.png,334,BIO_16973
6753a423-335.png,335,BIO_15943
5eaa5155-336.png,336,BIO_16387
9e4f02a8-337.png,337,BIO_3066
36c2e14a-338.png,338,BIO_16487
56c86cc0-339.png,339,BIO_16929
1154f605-340.png,340,BIO_12326
1533b175-341.png,341,BIO_1981
0d50dada-342.png,342,BIO_16764
f25a6cbf-343.png,343,BIO_3107
4eddd88a-344.png,344,BIO_15930
aa9fb0c1-345.png,345,BIO_15933
06ca4858-346.png,346,BIO_15942
3d8fadf1-347.png,347,BIO_16597
6cb2804e-348.png,348,BIO_16384
371d7a3d-349.png,349,BIO_3104
2b3a8443-350.png,350,BIO_16497
1a2930e3-351.png,351,BIO_16851
3067b773-352.png,352,BIO_15958
94197033-353.png,353,BIO_11869
3254b141-354.png,354,BIO_16850
d9a270db-355.png,355,BIO_3107
0206a7b6-356.png,356,BIO_16760
56104254-357.png,357,BIO_16845
7603d5e0-358.png,358,BIO_12226
128eb12d-359.png,359,BIO_16603
18d6512f-360.png,360,BIO_16861
67504fd4-361.png,361,BIO_3104
49eec277-362.png,362,BIO_16543
22bc0a58-363.png,363,BIO_16804
8cd4f3a8-364.png,364,BIO_2271
71684cea-365.png,365,BIO_3106
2994ab41-366.png,366,BIO_16973
75f7c576-367.png,367,BIO_16755
014931a0-368.png,368,BIO_3105
e813d68e-369.png,369,BIO_16609
db4becae-370.png,370,BIO_16169
87aa375d-371.png,371,BIO_1330
e67791fc-372.png,372,BIO_7191
9c654726-373.png,373,BIO_11334
71f1778d-374.png,374,BIO_1982
ac79cb93-375.png,375,BIO_16528
7bb303f0-376.png,376,BIO_3104
98856c8a-377.png,377,BIO_3076
fdef6bcc-379.png,379,BIO_16596
2d90655b-380.png,380,BIO_2272
48f50b2a-381.png,381,BIO_16555
746859be-382.png,382,BIO_16487
46b8ba23-383.png,383,BIO_12228
578ef8f3-384.png,384,BIO_12226
cebbc3a3-385.png,385,BIO_16609
13c9ff66-386.png,386,BIO_16969
ba996cf8-387.png,387,BIO_1978
f0f5652f-388.png,388,BIO_16557
2c153433-389.png,389,BIO_16496
c3940d14-390.png,390,BIO_16845
bb961f77-391.png,391,BIO_16515
87e483f9-392.png,392,BIO_14278
24840c29-393.png,393,BIO_3105
7d27138a-394.png,394,BIO_1977
7aa921d3-395.png,395,BIO_15944
94ffcdb5-396.png,396,BIO_16826
39a13774-397.png,397,BIO_16562
a92e7008-398.png,398,BIO_12228
480ecf6e-399.png,399,BIO_15964
1a0195ed-400.png,400,BIO_16601
7787e698-401.png,401,BIO_16516
94775855-402.png,402,BIO_16794
c4f6da92-403.png,403,BIO_11867
9bbf0545-404.png,404,BIO_3104
49e25132-405.png,405,BIO_16528
667603c7-406.png,406,BIO_16802
1bc5d7ed-407.png,407,BIO_16542
c7fae3bc-408.png,408,BIO_3060
4f7cef2c-409.png,409,BIO_11865
e9339b66-410.png,410,BIO16384
460f31ab-411.png,411,BIO_16597
5188f6e1-412.png,412,BIO_16803
82d93019-413.png,413,BIO_15962
151ea38c-414.png,414,BIO_2269
16b463ea-415.png,415,BIO_16803
eb2cc35e-416.png,416,BIO_16808
a6001e36-417.png,417,BIO_16516
1f4903aa-418.png,418,BIO_15933
0451816f-419.png,419,BIO_3104
779fced2-420.png,420,BIO_16595
6176c7a0-421.png,421,BIO_1978
26d796e9-422.png,422,BIO_16557
3941839c-423.png,423,BIO_16387
dd77e709-424.png,424,BIO_16565
c74723c8-425.png,425,BIO_16169
e929bc0e-426.png,426,BIO_16763
4b4234c0-427.png,427,BIO_16759
3eb4ea5b-428.png,428,BIO_16682
ec870128-429.png,429,BIO_16599
23c8bb0c-430.png,430,BIO_16958
67c9ecbd-431.png,431,BIO_16390
72079e7d-432.png,432,BIO_16950
3dfbca42-433.png,433,BIO_1980
451dd4a2-434.png,434,BIO_16497
c9cebbb5-435.png,435,BIO_11867
5bfc577b-436.png,436,BIO_15956
7a8b4612-437.png,437,BIO_16759
06b6aab0-438.png,438,BIO_1380
5909d14f-439.png,439,BIO_3104
96a301f4-440.png,440,BIO_3107
47bb18ad-441.png,441,BIO_16579
1a153e74-442.png,442,BIO_16756
ea1f24ed-443.png,443,BIO_2271
1f02f4c5-444.png,444,BIO_12326
920c3e93-445.png,445,BIO_16532
c7f6694f-446.png,446,BIO_16812
a7f3b1a4-447.png,447,BIO_16968
ed2915e5-448.png,448,BIO_16554
129d9848-449.png,449,BIO_3109
279de56b-450.png,450,BIO_1987
4b8c9a62-451.png,451,BIO_16764
d118c335-452.png,452,BIO_15943
740eb4e4-453.png,453,BIO_1983
1218e87c-454.png,454,BIO_16533
1597c454-455.png,455,BIO_16526
2e027bac-456.png,456,BIO_16603
35dda1be-457.png,457,BIO_16700
33cee1dd-458.png,458,BIO_3106
25129e33-459.png,459,BIO_16148
755de587-460.png,460,BIO_16758
d21b4876-461.png,461,BIO_12226
b5a05051-462.png,462,BIO_12226
a63742ab-463.png,463,BIO_16576
76e2bb0b-464.png,464,BIO_16850
5ced2b9f-465.png,465,BIO_3085
7faa3e4e-466.png,466,BIO_16605
058e2165-467.png,467,BIO_16939
e4e7f730-468.png,468,BIO_16559
320d7dd1-469.png,469,BIO_16542
ee72ce15-470.png,470,BIO_16579
9297c285-471.png,471,BIO_1167
0126fa5f-472.png,472,BIO_16493
00620c83-473.png,473,BIO_16521
1fcbf609-474.png,474,BIO_16587
8fd85444-475.png,475,BIO_1163
834ce44f-476.png,476,BIO_1986
11076f4e-477.png,477,BIO_15930
a34ab439-478.png,478,BIO_12229
21b6e96b-479.png,479,BIO_15945
32e53c34-480.png,480,BIO_1330
7af5904f-481.png,481,BIO_3076
695edd93-482.png,482,BIO_16384
49cfa577-483.png,483,BIO_16496
f899146b-484.png,484,BIO_16837
727b1960-485.png,485,BIO_16515
280fc48d-486.png,486,BIO_3083
54e2f5fd-487.png,487,BIO_1164
f0f7ecf7-488.png,488,BIO_16856
27398031-489.png,489,BIO_16389
df8a1bfd-490.png,490,BIO_15929
b0bfb347-491.png,491,BIO_16386
37964567-492.png,492,BIo_3102
b64b7e4e-493.png,493,BIO_16856
085fb13f-494.png,494,BIO_16536
aa3aae2a-495.png,495,BIO_1980
1e2fc866-496.png,496,BIO_12226
08a04e01-497.png,497,BIO_16488
3a465386-498.png,498,BIO_1167
196b18a6-499.png,499,BIO_16850
cecfe44b-500.png,500,BIO_16152
4aebb806-501.png,501,BIO_16876
754c1969-502.png,502,BIO_2273
7f8150ab-503.png,503,BIO_16763
97069d22-504.png,504,BIO_16952
03e8a838-505.png,505,BIO_16879
1b6f509c-506.png,506,BIO_2270
d9714d6a-507.png,507,BIO_16760
85897c24-508.png,508,BIO_11865
66015f38-509.png,509,BIO_16492
7429cb9e-510.png,510,BIO_1981
aff49a23-511.png,511,BIO_16148
463c7d3f-512.png,512,BIO_16802
9c2749ea-513.png,513,BIO_3076
27b527d0-514.png,514,BIO_16603
976a2dbb-515.png,515,BIO_16389
fbd98cef-516.png,516,BIO_15928
1a04bc07-517.png,517,BIO_16583
a0794b6b-518.png,518,BIO_16555
4073a14c-519.png,519,BIO_16856
bfaab5dd-520.png,520,BIO_16859
530fc5de-521.png,521,BIO_1981
7f5cefdf-523.png,523,BIO_16526
45ea5521-524.png,524,BIO_11266
254f0182-525.png,525,BIO_16554
159f6673-526.png,526,BIO_16388
b1fadbfc-527.png,527,BIO_16758
66a17d46-528.png,528,BIO_16543
37c387ad-529.png,529,BIO_1372
b290f1c5-530.png,530,BIO_11867
022a09da-531.png,531,BIO_12327
b50a1c0e-532.png,532,BIO_16543
5c88f888-540.png,540,BIO_11266
4dc9a264-541.png,541,BIO_4653
81a988ef-542.png,542,BIO_11353
5e5b96b0-543.png,543,BIO_4653
add37a61-544.png,544,BIO_11353
2e2fe3ca-545.png,545,BIO_11325
3faed54b-546.png,546,BIO_11266
3a572a59-547.png,547,BIO_11334
cb8e894e-548.png,548,BIO_11352
f91995d4-549.png,549,BIO_9346
f0324c6d-550.png,550,BIO_4653
f2704458-551.png,551,BO10_20220527_053532
89e3f99f-552.png,552,BIO_11266
91b1edd8-553.png,553,BO16_20220609_145008
0e53a6d4-554.png,554,BIO_11353
397a08b4-555.png,555,BO10_20220603_035750
bd488c0d-556.png,556,BO10_20220527_053846
5b96e50f-557.png,557,BIO_11351
e329f41e-558.png,558,BIO_4653
f3de768a-560.png,560,BIO_4653
f5ad3688-561.png,561,BIO_4652
484958a9-562.png,562,BIO_4652
935c7ecc-563.png,563,BIO_9346
34fe521b-564.png,564,Dacryodes2013-04-15_17-43-30
12c1fbf5-565.png,565,BIO_4652
ccb6c663-566.png,566,BIO_11351
4734122a-567.png,567,BO10_20220603_035750
53fecb0a-568.png,568,BIO_11353
ed886c31-569.png,569,BIO_4653
455e3e33-570.png,570,BO10_20220603_035750
3a36bdb1-571.png,571,BIO_11331
ba38c9bb-572.png,572,BIO_11353
329ce5f2-573.png,573,BIO_4655
8c267c08-574.png,574,BIO_11329
6ce476dd-575.png,575,BIO_4652
e21c565b-576.png,576,BO_20220603_035750
a56f824b-577.png,577,BIO_4652
fe089b48-578.png,578,BO10_20220527_061300
29ff686e-580.png,580,BIO_4653
43ac2f9c-581.png,581,BIO_4652
27e81ae2-582.png,582,BIO_4653
18070ea0-583.png,583,BO16_20220609_145008
408cdff8-584.png,584,BIO_11352
22bc99d1-585.png,585,BIO_11266
09a667cd-590.png,590,BIO_10245
487b32f4-591.png,591,BIO_8271
59bd589c-592.png,592,BIO_7316
4fb1fc3d-593.png,593,BIO_10311
87c81907-594.png,594,BIO_10244
b4f5916c-595.png,595,BIO_7191
62b2d075-596.png,596,BIO_10337
2facf82e-597.png,597,BIO_5288
d03bbb9d-598.png,598,BIO_5288
b1a554d0-599.png,599,BIO_7183
842387c5-600.png,600,BIO_10245
d4881d8c-601.png,601,BIO_10336
94f32cac-602.png,602,BIO_10245
66e9191f-603.png,603,BIO_7191
de719da1-604.png,604,BIO_72223
2f4a65a6-605.png,605,BIO_10336
61f1eff7-606.png,606,BIO_7222
53b0c490-607.png,607,BIO_7315
2cd60df9-608.png,608,BIO_7316
baf32652-609.png,609,BIO_10312
c03c9484-610.png,610,BIO_10245
15490097-611.png,611,BIO_7313
87c69b86-612.png,612,BIO_10337
ebf23a81-613.png,613,BIO_7316
5deaf833-614.png,614,BIO_7223
c5378b69-615.png,615,BIO_7314
f4550588-616.png,616,BIO_10311
cbf76e33-617.png,617,BIO_7305
c4ea2275-618.png,618,BIO_10336
797f4753-619.png,619,BIO_5289
3d4bd7ad-620.png,620,BIO_7311
32f96ce2-621.png,621,BIO_7306
001c888a-622.png,622,BIO_7222
7e16e2d6-623.png,623,BIO_10273
340eea01-624.png,624,BIO_7222
2c6410dd-625.png,625,BIO_10314
3dce69f7-626.png,626,BIO_7183
f5d11b10-627.png,627,BIO_7183
a3b6ffa4-628.png,628,BIO_5288
1d68da8d-629.png,629,BIO_10322
0303fc57-630.png,630,BIO_8185
ee54a013-631.png,631,BIO_7306
9d229903-632.png,632,BIO_7306
5f7d0338-633.png,633,BIO_7192
38142f37-634.png,634,BIO_7306
693e7009-635.png,635,BIO_7222
82845c5b-636.png,636,BIO_7176
3b4a880f-637.png,637,BIO_7193
87008b46-638.png,638,BIO_7310
515dd2c0-639.png,639,BIO_7310
3d384655-640.png,640,BIO_10311
57a2860b-641.png,641,BIO_7191
0c97936b-642.png,642,BIO_5289
5d020eda-643.png,643,BIO_7193
5da48e44-644.png,644,BIO_7307
e057951a-645.png,645,BIO_10314
f18dff6f-646.png,646,BIO_10266
37fa4124-647.png,647,BIO_10322
d87e9c69-648.png,648,BIO_7183
6e6d7b60-649.png,649,BIO_10314
5846c379-650.png,650,BIO_10337
ca7a9bc4-651.png,651,BIO_7222
f66b6fef-652.png,652,BIO_7306
47d064fa-653.png,653,BIO_8185
a5c8961e-654.png,654,BIO_8271
6dac5e4f-655.png,655,BIO_7183
c96cd369-656.png,656,BIO_10244
8f67280a-657.png,657,BIO_7228
ca817184-658.png,658,BIO_7222
aa5ad4ad-659.png,659,BIO_7305
5224dc99-660.png,660,BIO_7305
7b704881-661.png,661,BIO_7316
98f3087a-662.png,662,BIO_7310
9eaa4ed9-663.png,663,BIO_7176
4fe7fd56-664.png,664,BIO_10337
138a8445-665.png,665,BIO_7315
a85180ba-666.png,666,BIO_7316
59c7e805-667.png,667,BIO_7183
fd8a5b1a-668.png,668,BIO_7176
05d581f2-669.png,669,BIO_7222
d4015a26-670.png,670,BIO_7183
de104f41-671.png,671,BIO_7222
2b919426-672.png,672,BIO_7223
323f92fc-673.png,673,BIO_10244
30a3faf4-674.png,674,BIO_7191
20934686-675.png,675,BIO_10314
bfdc5a99-676.png,676,BIO_10266
ac4c5c75-677.png,677,BIO_7191
5f9cae1e-678.png,678,BIO_8271
23268dc1-679.png,679,BIO_10245
e1d7e8bf-680.png,680,BIO_7223
85d759f6-681.png,681,BIO_10311
68233cb2-682.png,682,BIO_10311
7d790e1c-683.png,683,BIO_5289
2ff82c6c-684.png,684,BIO_10311
270d8662-685.png,685,BIO_10273
e7e2e2a4-686.png,686,BIO_7193
4ac549de-687.png,687,BIO_7316
a57ed444-688.png,688,BIO_7223
d5a6e9b5-689.png,689,BIO_1364
6cf71b5d-690.png,690,BIO_7306
78fcef29-691.png,691,BIO_10273
f692301f-692.png,692,BIO_7315
58686c02-693.png,693,BIO_8271
9189b140-694.png,694,BIO_7305
1f23acbd-695.png,695,BIO_7305
469f1848-696.png,696,BIO_10336
fced7dda-697.png,697,BIO_8185
035a1b6c-698.png,698,BIO_1364
29e5a69f-699.png,699,BIO_7315
66e24a10-700.png,700,BIO_7037
08e6fa02-701.png,701,BIO_10312
e0611eed-Screenshot_from_2025-04-14_15-23-16.png,Screenshot_from_2025-04-14_15-23-16,None
b628d96c-Screenshot_from_2025-04-14_15-23-25.png,Screenshot_from_2025-04-14_15-23-25,None
477f9d0f-Screenshot_from_2025-04-14_15-36-54.png,Screenshot_from_2025-04-14_15-36-54,BIO_
